oldName,needsRename,newName
_esc,Y,escapeHtmlEntities
activateFilter,N,activateFilter
adaptUnifiedSteps,N,adaptUnifiedSteps
addDirectedEdge,N,addDirectedEdge
addEditToggle,N,addEditToggle
addJumpLinks,N,addJumpLinks
addRenamePair,N,addRenamePair
addTargetPaths,N,addTargetPaths
alBuildSegments,Y,buildConversationSegments
alContentLabel,Y,formatJsonlLineContentPreview
aliasPathValidAt,Y,isAliasPathValidAtTimestamp
alLineLabel,Y,formatJsonlLineLabel
allPathsForFile,Y,resolveAllPathsForFile
alRenderBranch,Y,renderRewindBranch
alRenderRow,Y,renderJsonlLineRow
alRenderSegment,Y,renderConversationSegment
alRenderSegments,Y,renderAllSegmentsToHtml
alRenderWithBranches,Y,renderSegmentsWithRewindBranches
alSegEditBadges,Y,collectSegmentFileEditBadges
alSegLabel,Y,formatConversationSegmentLabel
alSubtype,Y,classifyJsonlLineSubtype
alToolName,Y,extractToolUseNameFromLine
analyzeJSONL,N,analyzeJSONL
analyzeRewinds,N,analyzeRewinds
analyzeTurns,N,analyzeTurns
anyAliasPathEndsWith,Y,hasAliasPathEndingWith
anyTranscriptResolvesRepo,Y,hasTranscriptResolvingRepo
appendAgentJsonlsForProject,N,appendAgentJsonlsForProject
appendAgentJsonlsForSessionDir,N,appendAgentJsonlsForSessionDir
appendBashFileOpSteps,N,appendBashFileOpSteps
appendBashOpTouches,N,appendBashOpTouches
appendCatSteps,N,appendCatSteps
appendConflictRecords,N,appendConflictRecords
appendDiffEntry,N,appendDiffEntry
appendEditSteps,N,appendEditSteps
appendEditTouches,N,appendEditTouches
appendFilteredReadEdits,N,appendFilteredReadEdits
appendHunkContext,N,appendHunkContext
appendJumpButton,N,appendJumpButton
appendReadSteps,N,appendReadSteps
appendReadTouches,N,appendReadTouches
appendResultTouches,N,appendResultTouches
appendRmTouches,N,appendRmTouches
appendSnapshotRecordEvents,N,appendSnapshotRecordEvents
appendSnapshotSteps,N,appendSnapshotSteps
appendTranscriptEdits,N,appendTranscriptEdits
applyAbsenceObservation,N,applyAbsenceObservation
applyAndAccountForDrift,N,applyAndAccountForDrift
applyArg,N,applyArg
applyCliArg,N,applyCliArg
applyCreateOrUpdate,N,applyCreateOrUpdate
applyEditEvent,N,applyEditEvent
applyEditToBelief,N,applyEditToBelief
applyEventGroup,N,applyEventGroup
applyFileAbsent,N,applyFileAbsent
applyFilterMode,N,applyFilterMode
applyFloating,N,applyFloating
applyLocatedSplice,N,applyLocatedSplice
applyOneEvent,N,applyOneEvent
applyOverlayLines,N,applyOverlayLines
applyPatchToState,N,applyPatchToState
applyReplaceAllToBelief,N,applyReplaceAllToBelief
applyReplaceOp,N,applyReplaceOp
applySingleEdit,N,applySingleEdit
applySnapshotVerify,N,applySnapshotVerify
applySourceToState,N,applySourceToState
applyStepToContent,N,applyStepToContent
applyTypeGate,N,applyTypeGate
applyValueFlag,N,applyValueFlag
applyWrite,N,applyWrite
assembleKeptEdits,N,assembleKeptEdits
assembleOneFile,N,assembleOneFile
assembleSplitReads,N,assembleSplitReads
assertOnlyKindNonNull,N,assertOnlyKindNonNull
attachFlat,Y,collectFlatNodes
authoredEntryFor,Y,buildAuthoredReportEntry
authoredEventsFromKeptEdits,Y,extractAuthoredEvents
authoredKindForEdit,Y,classifyAuthoredKindForEdit
authoredRefFor,Y,buildAuthoredRef
autoLoadFromQuery,N,autoLoadFromQuery
backupNameIfBasenameMatches,N,backupNameIfBasenameMatches
bashOpEventsForFile,Y,extractBashOpEvents
bashReadEventsForFile,Y,extractBashReadEvents
batchVerify,Y,verifyAllJsonlFilesAgainstDisk
beliefWithLines,Y,buildBeliefFromLines
bindBranchViewEvents,N,bindBranchViewEvents
bindClick,Y,bindClickHandler
bindFilterEvents,N,bindFilterEvents
btns,Y,renderActionButtons
buildAdaptedStep,N,buildAdaptedStep
buildAuthoredEvent,N,buildAuthoredEvent
buildBackupKindEvent,N,buildBackupKindEvent
buildBlobFileRef,N,buildBlobFileRef
buildCatPending,N,buildCatPending
buildChips,Y,buildFilterBarChips
buildCollapsedConflictRecord,N,buildCollapsedConflictRecord
buildConflictRecord,N,buildConflictRecord
buildContentEditSub,N,buildContentEditSub
buildConversationSteps,N,buildConversationSteps
buildCreateOrUpdateEdit,N,buildCreateOrUpdateEdit
buildDataSourcesBlock,N,buildDataSourcesBlock
buildDeleteJsonl,Y,buildDeleteJsonlFixture
buildDiffForLine,N,buildDiffForLine
buildEditFromToolUseResult,N,buildEditFromToolUseResult
buildEditObject,N,buildEditObject
buildEditRecord,N,buildEditRecord
buildEditStep,N,buildEditStep
buildEditSub,N,buildEditSub
buildEngineBRecord,N,buildEngineBRecord
buildFilePathHistoryIndex,N,buildFilePathHistoryIndex
buildFilePathMap,N,buildFilePathMap
buildFilePathMapFromPaths,N,buildFilePathMapFromPaths
buildFileRecord,N,buildFileRecord
buildFileStateHistory,N,buildFileStateHistory
buildFileTree,N,buildFileTree
buildFileWriteEntry,N,buildFileWriteEntry
buildFilterBar,N,buildFilterBar
buildFinalVerdict,N,buildFinalVerdict
buildFixtureSubfolder,N,buildFixtureSubfolder
buildFloatingConflictInfo,N,buildFloatingConflictInfo
buildFloatingConflictRecord,N,buildFloatingConflictRecord
buildGitOpts,Y,buildGitRepoAndBranchOptions
buildGrepResult,N,buildGrepResult
buildGrepRow,N,buildGrepRow
buildHunks,N,buildHunks
buildLcsDp,Y,buildLongestCommonSubsequenceDiffTable
buildLineageGraph,N,buildLineageGraph
buildLineageOp,N,buildLineageOp
buildMinimalJsonl,N,buildMinimalJsonl
buildMismatchEntry,N,buildMismatchEntry
buildMismatchesSkeleton,N,buildMismatchesSkeleton
buildMismatchRecord,N,buildMismatchRecord
buildMultiRefs,Y,buildGitRefFallbackList
buildNotFoundResult,N,buildNotFoundResult
buildNumberedEntry,N,buildNumberedEntry
buildOriginalFileEvent,N,buildOriginalFileEvent
buildPatchContextEvent,N,buildPatchContextEvent
buildPatchText,N,buildPatchText
buildPerFileRecord,N,buildPerFileRecord
buildPerTranscriptEdits,N,buildPerTranscriptEdits
buildPromptEntry,N,buildPromptEntry
buildReadKindEvent,N,buildReadKindEvent
buildReadScanPending,N,buildReadScanPending
buildRefWithLocator,N,buildRefWithLocator
buildReplaceEdit,N,buildReplaceEdit
buildReplaceEditSub,N,buildReplaceEditSub
buildResultsPayload,N,buildResultsPayload
buildRewindEntry,N,buildRewindEntry
buildRewindLineMap,N,buildRewindLineMap
buildRewindTranscript,N,buildRewindTranscript
buildSeeds,Y,buildFilePathSearchSeeds
buildSkippedNotes,N,buildSkippedNotes
buildSnapshotEdit,N,buildSnapshotEdit
buildStatusByLine,N,buildStatusByLine
buildStatusByLineMap,N,buildStatusByLineMap
buildStatusLookup,N,buildStatusLookup
buildStepEntry,N,buildStepEntry
buildStepLineMap,N,buildStepLineMap
buildStepObject,N,buildStepObject
buildStructuredPatchRef,N,buildStructuredPatchRef
buildSub,Y,buildBashReadChunkSubEvent
buildTextPropertyRef,N,buildTextPropertyRef
buildTimelineEntry,N,buildTimelineEntry
buildTranscript,N,buildTranscript
buildTurns,Y,splitBoundaryLinesToConversationTurns
buildUniqueFilesMap,N,buildUniqueFilesMap
buildUserEditStep,N,buildUserEditStep
buildUserModifiedConflictInfo,N,buildUserModifiedConflictInfo
buildUserModifiedEvent,N,buildUserModifiedEvent
buildVerdict,N,buildVerdict
buildVerifyResult,Y,buildReplayVsOnDiskComparisonResult
buildVisibleTree,Y,buildVisibleConversationTree
buildWindowedEdges,N,buildWindowedEdges
buildWriteJsonl,N,buildWriteJsonl
bump,Y,incrementBumpCounter
carryAuthoredFields,N,carryAuthoredFields
catEventsForFile,Y,extractCatEvents
catLineEntries,Y,buildCatLineEntries
characterizationFixture,Y,buildReadScannerTestFixture
checkBackupVersions,N,checkBackupVersions
checkBeforeAfterWindow,N,checkBeforeAfterWindow
checkCatToolResult,N,checkCatToolResult
checkCatToolUse,N,checkCatToolUse
checkPrevWindow,N,checkPrevWindow
checkReadToolResult,N,checkReadToolResult
checkReadToolUse,N,checkReadToolUse
checkRewindSignals,N,checkRewindSignals
checkSiblingSignal,N,checkSiblingSignal
checkSidecarEngineResult,N,checkSidecarEngineResult
checkUnifiedEngineResult,N,checkUnifiedEngineResult
chooseReference,N,chooseReference
chooseReferenceSource,N,chooseReferenceSource
chunkEntries,Y,buildBashReadChunkLineEntries
chunkEvent,Y,buildBashReadChunkEventFixture
chunkEventToEditRecord,N,chunkEventToEditRecord
chunkEventToReadEvent,N,chunkEventToReadEvent
classifyAllEntries,N,classifyAllEntries
classifyByWindows,N,classifyByWindows
classifyEdits,N,classifyEdits
classifyExpectedState,N,classifyExpectedState
classifyFileWrites,N,classifyFileWrites
classifyHistoryLine,N,classifyHistoryLine
classifyNotFoundTarget,N,classifyNotFoundTarget
classifyRewindType,N,classifyRewindType
classifySource,N,classifySource
classifySourceType,N,classifySourceType
classifyToolUseResult,N,classifyToolUseResult
clearAllPanes,N,clearAllPanes
clearCurrentState,N,clearCurrentState
clearPanes,Y,resetPanes
clearTypeGate,N,clearTypeGate
cloneEntriesForTimeline,N,cloneEntriesForTimeline
closeInspectPanel,N,closeInspectPanel
cmpVer,Y,compareVersions
collapseChains,N,collapseChains
collapseConflictCascades,N,collapseConflictCascades
collapseRun,N,collapseRun
collectAllJsonls,N,collectAllJsonls
collectAuthoredPaths,N,collectAuthoredPaths
collectBashReadTouches,N,collectBashReadTouches
collectChanges,N,collectChanges
collectDiffEntries,N,collectDiffEntries
collectDiffLines,N,collectDiffLines
collectDiffParts,N,collectDiffParts
collectEditsFromTranscripts,N,collectEditsFromTranscripts
collectGrepTouches,N,collectGrepTouches
collectGrepUseIds,N,collectGrepUseIds
collectKeys,N,collectKeys
collectMismatches,N,collectMismatches
collectPresentGroundTruthFiles,N,collectPresentGroundTruthFiles
collectSessionsForFile,N,collectSessionsForFile
collectSnapshotBackupEdits,N,collectSnapshotBackupEdits
collectTargetFiles,N,collectTargetFiles
collectTestsSubdirGroundTruthFiles,N,collectTestsSubdirGroundTruthFiles
collectTopLevelGroundTruthFiles,N,collectTopLevelGroundTruthFiles
collectTouches,N,collectTouches
collectUserPrompts,N,collectUserPrompts
collectVisibleChildren,N,collectVisibleChildren
collectWrittenFileNames,N,collectWrittenFileNames
compareByJsonlLine,Y,compareByJsonlLineIndex
compareCollapsedOutput,N,compareCollapsedOutput
compareEvents,N,compareEvents
compareLine,Y,compareLineForVerdict
compareMatches,N,compareMatches
compareTouchOrder,N,compareTouchOrder
computeActionablePassRate,N,computeActionablePassRate
computeDiff,N,computeDiff
computeGaps,N,computeGaps
computeOnDisk,N,computeOnDisk
computeRepoRelativePath,N,computeRepoRelativePath
computeResult,N,computeResult
computeShiftOffset,N,computeShiftOffset
configureFilter,N,configureFilter
confirmCatResult,N,confirmCatResult
confirmReadResult,N,confirmReadResult
confirmReadScan,N,confirmReadScan
confirmToolResult,N,confirmToolResult
conflictAgainstExisting,N,conflictAgainstExisting
conflictSortLine,N,conflictSortLine
contentLineSpans,Y,computeContentLineSpans
contextEntry,Y,buildPatchContextLineEntry
convertRewindToOneBased,N,convertRewindToOneBased
copyInstantMs,N,copyInstantMs
copyPatch,N,copyPatch
countByStatus,N,countByStatus
countContextOps,N,countContextOps
countEdits,N,countEdits
countSteps,N,countSteps
countUnexpectedFailures,N,countUnexpectedFailures
coveredTargetForSource,Y,findCoveredTargetForSource
createBelief,N,createBelief
createKindEvent,N,createKindEvent
cwdFromFolderName,Y,extractCwdFromFolderName
decorateCompareCheckboxes,N,decorateCompareCheckboxes
defaultBaseHistoryDir,Y,getDefaultBaseHistoryDir
defaultProjectsDir,Y,getDefaultProjectsDir
defaultSnapshotsBase,Y,getDefaultSnapshotsBase
degradeUntouchedToPresumed,N,degradeUntouchedToPresumed
deriveProjectRoots,N,deriveProjectRoots
describeAssembly,N,describeAssembly
describeCollapsedConflict,N,describeCollapsedConflict
detectBranches,N,detectBranches
detectDrift,N,detectDrift
detectFullContentDrift,N,detectFullContentDrift
detectGroundTruth,N,detectGroundTruth
detectRewinds,N,detectRewinds
diffAgainstPatch,N,diffAgainstPatch
diffLinesFor,N,diffLinesFor
discoverJsonls,N,discoverJsonls
discoverProjects,N,discoverProjects
distinctBasenames,N,distinctBasenames
distinctResolvedPaths,N,distinctResolvedPaths
dropEntriesBeyond,N,dropEntriesBeyond
dropTrailingObservationEdits,N,dropTrailingObservationEdits
dropTrailingReadPhantom,N,dropTrailingReadPhantom
earliestTouch,Y,findEarliestTouch
earliestTouchOfFile,Y,findEarliestTouchOfFile
editBelongsToFile,Y,doesEditBelongToFile
editsForFile,Y,collectEditsForFile
editWasKept,Y,wasEditKept
emit,Y,emitEvents
emitAgentStep,N,emitAgentStep
emitDriftStep,N,emitDriftStep
emitResultEvent,N,emitResultEvent
emptyStats,Y,createEmptyVerdictCounters
ensureFixtureDir,N,ensureFixtureDir
ensureImpliedLines,N,ensureImpliedLines
ensureNode,N,ensureNode
enumerateFileIdentities,N,enumerateFileIdentities
enumerateJsonlFiles,N,enumerateJsonlFiles
enumerateSubagentJsonls,N,enumerateSubagentJsonls
eofConfirmedAt,Y,findEofConfirmationLine
equalPrefixCount,Y,countEqualPrefixLines
equalSuffixCount,Y,countEqualSuffixLines
esc,Y,escapeHtml
eventHasAnyKind,Y,doesEventHaveAnyKind
eventsForOp,Y,extractEventsFromBashFileOp
eventsForResult,Y,extractEventsFromGrepToolResult
exportPatch,N,exportPatch
extractBashCatEdits,N,extractBashCatEdits
extractBashCommand,N,extractBashCommand
extractBashFileOps,N,extractBashFileOps
extractBlockText,N,extractBlockText
extractEditsFromJSONL,N,extractEditsFromJSONL
extractFileEvents,N,extractFileEvents
extractFileEventsFromText,N,extractFileEventsFromText
extractFirstText,N,extractFirstText
extractGrepToolResults,N,extractGrepToolResults
extractKeptEditsForFile,N,extractKeptEditsForFile
extractNewLines,N,extractNewLines
extractNonReadEditsFromArrayToolUseResult,N,extractNonReadEditsFromArrayToolUseResult
extractOldLines,N,extractOldLines
extractPathsFromLines,N,extractPathsFromLines
extractReadEvents,N,extractReadEvents
extractSessionId,N,extractSessionId
extractSessionMetadata,N,extractSessionMetadata
extractSessionStart,N,extractSessionStart
extractSnapshot,N,extractSnapshot
extractSnapshotEdits,N,extractSnapshotEdits
extractStepsFromJSONLs,N,extractStepsFromJSONLs
extractStepsFromSingleJSONL,N,extractStepsFromSingleJSONL
extractTextFromContent,N,extractTextFromContent
extractToolUseEdits,N,extractToolUseEdits
extractTurn,N,extractTurn
extractUserText,N,extractUserText
fail,Y,exitWithError
failingRecord,Y,buildMismatchProbeRecord
fileModifyingEventsInTranscript,Y,extractFileModifyingEventsFromTranscript
filterEditsForFile,N,filterEditsForFile
filterEditsToFile,N,filterEditsToFile
filterEventsByAliasWindows,N,filterEventsByAliasWindows
filterKeptEdits,N,filterKeptEdits
findBackupByBasename,N,findBackupByBasename
findBackupKeyForBlob,N,findBackupKeyForBlob
findBackwardJump,N,findBackwardJump
findBashCommandItem,N,findBashCommandItem
findCurrentOnDiskPath,N,findCurrentOnDiskPath
findEarliestFilePath,N,findEarliestFilePath
findEarliestReadContent,N,findEarliestReadContent
findExecutedFiles,N,findExecutedFiles
findFirstNonEmptyLine,N,findFirstNonEmptyLine
findFirstNonSelf,N,findFirstNonSelf
findFirstSnapAfter,N,findFirstSnapAfter
findHunkOffset,N,findHunkOffset
findLastBackupFileName,N,findLastBackupFileName
findLastSnapBefore,N,findLastSnapBefore
findLastSnapshotBlob,N,findLastSnapshotBlob
findLastSnapshotContent,N,findLastSnapshotContent
findLineInHunk,N,findLineInHunk
findNearestNextStep,N,findNearestNextStep
findNearestPrevStep,N,findNearestPrevStep
findNext,N,findNext
findNextStep,N,findNextStep
findPyFiles,N,findPyFiles
findReferencingJsonls,N,findReferencingJsonls
findReferencingJsonlsIncludingSubagents,N,findReferencingJsonlsIncludingSubagents
findScenarioJsonlPath,N,findScenarioJsonlPath
findSessionId,N,findSessionId
findSnapshotMatch,N,findSnapshotMatch
findStructuredPatchLine,N,findStructuredPatchLine
findSystemRecord,N,findSystemRecord
findToolName,N,findToolName
findToolResultText,N,findToolResultText
findToolUseInMessage,N,findToolUseInMessage
findTurnBoundaries,N,findTurnBoundaries
finishChunk,Y,finalizeChunk
finishWholeOverlay,N,finishWholeOverlay
firstAvailableSource,Y,findFirstAvailableReferenceSource
firstGapLine,Y,findFirstGapLine
firstMatchingLine,Y,findFirstMatchingTouchLine
firstMatchingSource,Y,findFirstContentMatchingReferenceSource
firstNonEmptyLine,Y,findFirstNonEmptyLine
firstTextItem,Y,findFirstTextContentItem
flattenChain,N,flattenChain
flattenedOutputName,Y,convertPathToFlatFilename
formatConversationFlow,N,formatConversationFlow
formatCounts,N,formatCounts
formatFlowStep,N,formatFlowStep
formatReport,N,formatReport
formatReportLine,N,formatReportLine
formatResults,N,formatResults
formatRewindSummary,N,formatRewindSummary
formatSignedOffset,N,formatSignedOffset
formatSingleResult,N,formatSingleResult
formatSingleRewind,N,formatSingleRewind
formatUnifiedPatch,N,formatUnifiedPatch
gatherAllOps,N,gatherAllOps
gatherFileEventsAcrossTranscripts,N,gatherFileEventsAcrossTranscripts
gatherGitSource,N,gatherGitSource
gatherGitSourceFromTranscript,N,gatherGitSourceFromTranscript
gatherOnDiskSource,N,gatherOnDiskSource
gatherReferenceSources,N,gatherReferenceSources
gatherSnapshotSource,N,gatherSnapshotSource
gatherSnapshotSourceFromTranscript,N,gatherSnapshotSourceFromTranscript
getActiveFilter,N,getActiveFilter
getComputedBadge,N,getComputedBadge
getComputedBody,N,getComputedBody
getContentArray,N,getContentArray
getJsonlFilesForFile,N,getJsonlFilesForFile
getMessageContent,N,getMessageContent
getMessageContentArray,N,getMessageContentArray
getModifiedFiles,N,getModifiedFiles
getNextBadge,N,getNextBadge
getNextBody,N,getNextBody
getNonReadType,N,getNonReadType
getPrevBadge,N,getPrevBadge
getPrevBody,N,getPrevBody
getRemovedOrMovedAwayPaths,N,getRemovedOrMovedAwayPaths
getRewindsBySource,N,getRewindsBySource
getRows,Y,fetchAllLineRows
getScenarioSubfolderPaths,N,getScenarioSubfolderPaths
getSelectedStepIndices,N,getSelectedStepIndices
getSnapshotBackups,N,getSnapshotBackups
getSnapshotContentForFile,N,getSnapshotContentForFile
getSnapshotTimestamp,N,getSnapshotTimestamp
getUserPromptPreview,N,getUserPromptPreview
gitAvailable,Y,isGitAvailable
gitFollowHistory,Y,resolveGitFollowHistory
gitShowFile,Y,readGitFileContent
gitUnavailable,Y,isGitUnavailable
grepEntries,N,grepEntries
grepEvent,N,grepEvent
grepFixture,N,grepFixture
grepFlagDisqualifies,N,grepFlagDisqualifies
grepMatchEventsForFile,N,grepMatchEventsForFile
groupConflictsByMoment,N,groupConflictsByMoment
groupEditsByFile,N,groupEditsByFile
groupEventsByMs,N,groupEventsByMs
groupFilesByFolder,N,groupFilesByFolder
groupRecordsIntoLists,N,groupRecordsIntoLists
groupRowsBySource,N,groupRowsBySource
groupTouchesByPath,N,groupTouchesByPath
handleRowClick,N,handleRowClick
handleToggle,N,handleToggle
hasDivergence,N,hasDivergence
hasFileModification,N,hasFileModification
hasObservation,N,hasObservation
hasOriginalFile,N,hasOriginalFile
hasSnapshot,N,hasSnapshot
hasWriteBetween,N,hasWriteBetween
hideNonEditRows,N,hideNonEditRows
hideNonRelevantRows,N,hideNonRelevantRows
highlightFileRelevantRows,N,highlightFileRelevantRows
highlightStepInAlllines,N,highlightStepInAlllines
highlightTreeFile,N,highlightTreeFile
hunksHaveContextLine,Y,doHunksHaveContextLine
indexFields,Y,buildJsonFieldToJsonlLineNumberMap
indexObject,Y,addObjectToJsonFieldToJsonlLineNumberMap
indexOfEventKind,Y,findIndexOfEventKind
indexParsedLine,Y,addParsedLineToUuidAndSnapshotLookups
indexVis,Y,addVisibleNodeToUuidNodeMap
initLayout,N,initLayout
insertPath,N,insertPath
isAgentJsonlName,N,isAgentJsonlName
isAgentText,N,isAgentText
isBeaconEvent,N,isBeaconEvent
isCommandArtifact,N,isCommandArtifact
isContentGrepUse,N,isContentGrepUse
isConv,N,isConv
isFileWrite,N,isFileWrite
isIgnoredByRewind,N,isIgnoredByRewind
isInProject,N,isInProject
isJsonlFile,N,isJsonlFile
isKeptEditStep,N,isKeptEditStep
isLineIgnoredByRewind,N,isLineIgnoredByRewind
isObservationEdit,N,isObservationEdit
isParallelToolUse,N,isParallelToolUse
isPerLineConflict,N,isPerLineConflict
isPlumbingNode,N,isPlumbingNode
isRenameOrCopy,N,isRenameOrCopy
isScaffoldingFile,N,isScaffoldingFile
isShortFlag,N,isShortFlag
isSinglePathStatus,N,isSinglePathStatus
isStepLine,N,isStepLine
isSubtreeActive,N,isSubtreeActive
isTempFilePath,N,isTempFilePath
isUsableNonReadReconstructionType,N,isUsableNonReadReconstructionType
isUserEditGap,N,isUserEditGap
isUserModifiedConflict,N,isUserModifiedConflict
isUserModifiedEvent,N,isUserModifiedEvent
isUserPrompt,N,isUserPrompt
isValidReadContent,N,isValidReadContent
isValidReadOutput,N,isValidReadOutput
isValidStdout,N,isValidStdout
isValidStringRead,N,isValidStringRead
isVerbatimWholeFile,N,isVerbatimWholeFile
isWholeFileSource,N,isWholeFileSource
isWriteConfirmation,N,isWriteConfirmation
jumpToField,N,jumpToField
keptEditsArrayFromText,Y,extractKeptEditsFromJsonlText
kindRank,Y,computeKindRank
knownRuns,Y,extractKnownRuns
labelIsBatch,Y,isLabelBatch
latestSnapshotBlob,Y,findLatestSnapshotBlob
latestTouch,Y,findLatestTouch
leadingShiftOffset,Y,computeLeadingShiftOffset
lineDiff,Y,computeLineDiff
lineNums,Y,extractLineNums
linesAndParsed,Y,parseJsonlLines
listJsonlFiles,N,listJsonlFiles
loadAllJsonlFilesInProjectsFolder,N,loadAllJsonlFilesInProjectsFolder
loadFromPath,N,loadFromPath
loadJSONL,N,loadJSONL
loadParsedRecord,N,loadParsedRecord
loadProbeResults,N,loadProbeResults
loadTargets,N,loadTargets
loadTranscriptTexts,N,loadTranscriptTexts
locateAllRunsContaining,N,locateAllRunsContaining
locateInRuns,N,locateInRuns
lse,Y,requireLineStateEvidence
main,Y,runMain
makeArrayToolUseResultLine,N,makeArrayToolUseResultLine
makeBashCatToolResult,Y,buildBashCatToolResult
makeBashCatToolUse,Y,buildBashCatToolUse
makeBashCommandLine,Y,buildBashCommandLine
makeBashPipedCatToolUse,Y,buildBashPipedCatToolUse
makeBashToolResult,Y,buildBashToolResult
makeBashToolUse,Y,buildBashToolUse
makeChunkReadResult,Y,buildChunkReadResult
makeChunkReadUse,Y,buildChunkReadUse
makeClaimEntry,N,makeClaimEntry
makeCreateLine,N,makeCreateLine
makeDirToggle,N,makeDirToggle
makeEdit,Y,buildEditFixture
makeEditLine,Y,buildEditLine
makeEditLineWithHunks,N,makeEditLineWithHunks
makeEditLineWithPatch,N,makeEditLineWithPatch
makeEditWithPatch,N,makeEditWithPatch
makeEditWithPatchAndOriginal,N,makeEditWithPatchAndOriginal
makeExcerpt,N,makeExcerpt
makeFileClick,N,makeFileClick
makeFloatingConflict,N,makeFloatingConflict
makeGrepToolResult,Y,buildGrepToolResult
makeGrepToolUse,Y,buildGrepToolUse
makeInsertionCascade,N,makeInsertionCascade
makeKindEvent,Y,buildKindEvent
makeLineConflict,N,makeLineConflict
makeNonEditLine,N,makeNonEditLine
makeObservationOnly,N,makeObservationOnly
makeProjectWithMainSession,N,makeProjectWithMainSession
makeReadToolResult,N,makeReadToolResult
makeReadToolResultArrayBlocks,N,makeReadToolResultArrayBlocks
makeReadToolResultWithTimestamp,N,makeReadToolResultWithTimestamp
makeReadToolUse,N,makeReadToolUse
makeReadToolUseWithLimit,N,makeReadToolUseWithLimit
makeReadUseWithGeometry,N,makeReadUseWithGeometry
makeRepo,N,makeRepo
makeSnapshotLine,N,makeSnapshotLine
makeStep,Y,buildStep
makeSystemLine,N,makeSystemLine
makeUnknownEntry,N,makeUnknownEntry
makeUpdateLine,N,makeUpdateLine
markActive,N,markActive
matchedAliasPathForSnapshotKey,Y,matchAliasPathToSnapshotKey
matchesTargetFile,Y,doesMatchTargetFile
materializeBashAppend,Y,materializeBashAppendEvidence
materializeBashExtent,Y,materializeBashExtentEvidence
materializeBashGrep,Y,materializeBashGrepEvidence
materializeBashReadChunk,Y,materializeBashReadChunkEvidence
materializeBashRm,Y,materializeBashRmEvidence
materializeBashTruncate,Y,materializeBashTruncateEvidence
materializeByLineKind,Y,materializeByLineKind
materializeEdit,Y,materializeEditEvidence
materializeEvent,Y,materializeEventEvidence
materializeGrepMatches,Y,materializeGrepMatchEvidence
materializeOriginalFile,Y,materializeOriginalFileEvidence
materializePatchContext,Y,materializePatchContextEvidence
materializeSnapshot,Y,materializeSnapshotEvidence
materializeUserModified,Y,materializeUserModifiedEvidence
materializeWrite,Y,materializeWriteEvidence
maxByLineNum,Y,findMaxByLineNum
maxLineNum,Y,findMaxLineNum
maybePromotePerLine,N,maybePromotePerLine
mentionsFile,Y,doesMentionFile
mergeAliasPaths,N,mergeAliasPaths
mergeExistingFindings,N,mergeExistingFindings
mergeExternalEdits,N,mergeExternalEdits
messageContent,Y,extractMessageContent
mismatchEntryKey,Y,computeMismatchEntryKey
momentKey,Y,computeMomentKey
newAcc,Y,createAccumulator
nextMatch,Y,selectNextMatch
nodeTypeOf,Y,detectNodeType
nonEmptySpan,Y,validateNonEmptySpan
numberedEntries,Y,buildNumberedEntries
numberedLineEntries,Y,buildNumberedLineEntries
offsetEntries,Y,applyOffsetToEntries
ofState,Y,classifyOriginalFileState
onDiskSource,Y,buildOnDiskReferenceSource
onFileSelected,N,onFileSelected
onFilterModeChange,N,onFilterModeChange
onJsonlLoaded,N,onJsonlLoaded
onLoad,N,onLoad
onNonStepLineClick,N,onNonStepLineClick
openFilePicker,N,openFilePicker
opEvents,Y,extractBashOpEventsFromTestLines
orderTranscriptsByFirstTouch,N,orderTranscriptsByFirstTouch
origFile,Y,extractOrigFile
originalFileEventsFromEdits,Y,extractOriginalFileEventsFromEdits
outputJson,Y,writeJsonOutput
outputText,Y,writeTextOutput
overlayLine,Y,applyOverlayLine
pair,Y,buildTimestampedCommandResultPair
pairContentLines,Y,pairContentLines
pairEntriesWithRefs,Y,pairEntriesWithReferences
parseAllLines,N,parseAllLines
parseAnyBashFileOp,N,parseAnyBashFileOp
parseArgs,N,parseArgs
parseBashCpCommand,N,parseBashCpCommand
parseBashGitMvCommand,N,parseBashGitMvCommand
parseBashMvCommand,N,parseBashMvCommand
parseBashReadCommand,N,parseBashReadCommand
parseBashRedirectCommand,N,parseBashRedirectCommand
parseBashRmCommand,N,parseBashRmCommand
parseCliArgs,N,parseCliArgs
parsedFrom,Y,parseJsonlLinesToRecords
parseExecutedFile,N,parseExecutedFile
parseFlag,N,parseFlag
parseGrep,N,parseGrep
parseGrepRows,N,parseGrepRows
parseHead,N,parseHead
parseJsonLine,N,parseJsonLine
parseJsonlLines,Y,parseUnifiedJsonlLines
parseJSONLLines,Y,parseTranscriptRecords
parseJsonlWithSession,Y,loadJsonlWithSession
parseLines,Y,parseRawLines
parseNumberedContent,N,parseNumberedContent
parseProbeArgs,N,parseProbeArgs
parseProjectsDir,N,parseProjectsDir
parseRecords,N,parseRecords
parseRenameHistory,N,parseRenameHistory
parseSed,N,parseSed
parseSingleLine,N,parseSingleLine
parseSnapshotsFlag,N,parseSnapshotsFlag
parseTail,N,parseTail
parseToParsed,Y,parseRawLinesToJsonRecords
parseWc,Y,parseWcOutput
partitionAttachments,Y,partitionAttachments
passing,Y,countPassing
passingRecord,Y,buildPassingProbeRecord
patch,Y,buildPatchFixture
patchContextEventsFromEdits,Y,extractPatchContextEvents
pickCurrentPath,N,pickCurrentPath
plainLineEntries,Y,buildPlainLineEntries
populateFileSelect,N,populateFileSelect
prevMatch,Y,selectPrevMatch
printConflicts,N,printConflicts
printfIsLiteral,Y,isPrintfContentLiteral
printfSpan,Y,extractPrintfSpan
printSummary,N,printSummary
printTables,N,printTables
printUsage,N,printUsage
printVerdict,N,printVerdict
printVerifyText,N,printVerifyText
probeOneFileIdentity,N,probeOneFileIdentity
probeOneFileIdentityEngineB,N,probeOneFileIdentityEngineB
processJsonlTargets,N,processJsonlTargets
processOneAbsentFile,N,processOneAbsentFile
processOnePresentFile,N,processOnePresentFile
processSingleJsonlFile,N,processSingleJsonlFile
processStepWithRewind,N,processStepWithRewind
processSubfolder,N,processSubfolder
promotePerLineStatus,N,promotePerLineStatus
q,Y,runGitCommand
rc,Y,extractRedirectContent
readBackupFile,N,readBackupFile
readChunk,N,readChunk
readChunkOfFive,N,readChunkOfFive
readChunkRows,N,readChunkRows
readEventsForFile,N,readEventsForFile
readExistingMismatches,N,readExistingMismatches
readProvedEof,N,readProvedEof
readResultStdout,N,readResultStdout
readsForFile,Y,getReadsForFile
readSnapshotBackup,N,readSnapshotBackup
readTranscriptTexts,Y,loadTranscriptTexts
rebuildEntriesForSplice,N,rebuildEntriesForSplice
reconstructFromFolder,N,reconstructFromFolder
reconstructFromJSONLTexts,N,reconstructFromJSONLTexts
reconstructWithSidecarEngine,N,reconstructWithSidecarEngine
reconstructWithUnifiedEngine,N,reconstructWithUnifiedEngine
recordKind,Y,classifyRecordKind
recordPatch,Y,appendPatchRecord
recordTimestampAt,Y,getTimestampAtRecord
recordWithHunkLines,Y,buildRecordWithHunkLines
redirectByLine,N,redirectByLine
redirectContentFromCommand,N,redirectContentFromCommand
redirectEventForOp,N,redirectEventForOp
redirectKindForMode,N,redirectKindForMode
ref,Y,buildRef
referencePathForSource,Y,resolveReferencePathForSource
refForAuthoredEditLine,Y,buildRefForAuthoredEditLine
refForLine,Y,buildRefForLine
regionMatches,Y,checkRegionMatch
registerBashRead,N,registerBashRead
registerReadUse,N,registerReadUse
registerToolUse,N,registerToolUse
relaxFrom,Y,relaxWindowFrom
relaxNeighbor,Y,relaxNeighborWindow
renderAllLines,N,renderAllLines
renderAllLinesFlat,N,renderAllLinesFlat
renderBasePane,N,renderBasePane
renderChain,N,renderChain
renderDiff,N,renderDiff
renderDirNode,N,renderDirNode
renderDivergenceCheck,N,renderDivergenceCheck
renderFileContent,N,renderFileContent
renderFileNode,N,renderFileNode
renderFileTree,N,renderFileTree
renderInlineDiff,N,renderInlineDiff
renderInspector,N,renderInspector
renderNextPane,N,renderNextPane
renderNode,Y,renderTreeNode
renderPlainContent,N,renderPlainContent
renderPlumbing,N,renderPlumbing
renderSingle,Y,renderSingleNode
renderSteps,Y,renderReconstructionStepRows
renderSxsChangeBlock,N,renderSxsChangeBlock
renderSxsDiff,N,renderSxsDiff
renderTree,N,renderTree
replaceToolIds,N,replaceToolIds
replaceUuids,N,replaceUuids
replayAndVerify,N,replayAndVerify
replayAndVerifyCumulative,N,replayAndVerifyCumulative
replayEdits,N,replayEdits
replayParseLines,N,replayParseLines
replayTryParse,N,replayTryParse
resetCompare,N,resetCompare
resolveAbsoluteTargetPath,N,resolveAbsoluteTargetPath
resolveActualState,N,resolveActualState
resolveAgainstCwd,N,resolveAgainstCwd
resolveAliases,N,resolveAliases
resolveAliasPathsForTarget,N,resolveAliasPathsForTarget
resolveAliasWindows,N,resolveAliasWindows
resolveAliasWindowsForTarget,N,resolveAliasWindowsForTarget
resolveAndSetBaseState,N,resolveAndSetBaseState
resolveBaseState,N,resolveBaseState
resolveCatContent,N,resolveCatContent
resolveContentDbPath,N,resolveContentDbPath
resolveGitContent,N,resolveGitContent
resolveGitContentMultiRef,N,resolveGitContentMultiRef
resolveGitContentWithRef,N,resolveGitContentWithRef
resolveGitFromTranscript,N,resolveGitFromTranscript
resolveGitReference,N,resolveGitReference
resolveHistoryDir,N,resolveHistoryDir
resolver,Y,getResolver
resolveReadContent,N,resolveReadContent
resolveRepoRootWalkingUp,N,resolveRepoRootWalkingUp
resolveSnapshotDir,N,resolveSnapshotDir
resolveSymlinksToRealPath,N,resolveSymlinksToRealPath
restoreSegsAndChildren,N,restoreSegsAndChildren
retryWithoutTrailingObservations,N,retryWithoutTrailingObservations
retryWithTrailingNewlineRestored,N,retryWithTrailingNewlineRestored
revealMatching,N,revealMatching
revealNode,N,revealNode
rewindReverts,Y,doRewindReverts
rewritePath,N,rewritePath
rmEventsForOp,Y,extractRmEvents
roleClass,Y,deriveRoleClass
rootFromTranscripts,Y,findProjectRootFromTranscripts
rowIsForFile,Y,isGrepRowForFile
rowOf,Y,formatStatisticsRow
run,N,run
runBatchMode,N,runBatchMode
runProbeEngineB,N,runProbeEngineB
runProbeV2,N,runProbeV2
runReplayOnlyMode,N,runReplayOnlyMode
runSingleFileMode,N,runSingleFileMode
runTests,N,runTests
runVerifyMode,N,runVerifyMode
runWithContext,N,runWithContext
scanFile,N,scanFile
scanLine,N,scanLine
scanProjectsFolderOnce,N,scanProjectsFolderOnce
scanReadEvents,N,scanReadEvents
scanToolUseResults,N,scanToolUseResults
scanTranscripts,N,scanTranscripts
scrollToMatch,N,scrollToMatch
sedScriptGeometry,Y,parseSedScriptGeometry
selectFile,N,selectFile
selectFileOldEngine,N,selectFileOldEngine
selectFileUnifiedEngine,N,selectFileUnifiedEngine
selectNotFoundList2,N,selectNotFoundList2
selectReferencing,N,selectReferencing
sessionWith,Y,buildSessionFixture
setupHorizontalResize,N,setupHorizontalResize
setupPaneResize,N,setupPaneResize
setupVerticalResize,N,setupVerticalResize
sha256hex,Y,computeSha256Hex
shiftByLine,N,shiftByLine
showAllRows,N,showAllRows
showDiff,N,showDiff
showInspect,N,showInspect
showNonStepLine,N,showNonStepLine
showNumberedJson,N,showNumberedJson
showRawInspect,N,showRawInspect
showStep,Y,showStep
showToast,Y,showToast
sidecarConcludesAbsent,Y,checkSidecarAbsence
simpleDiff,Y,buildSimpleDiff
singleQuotedSpan,Y,extractSingleQuotedSpan
sizeTreePane,Y,layoutTreePane
snapshotContext,Y,buildSnapshotTestContext
snapshotDedupKey,Y,buildSnapshotDeduplicationKey
snapshotEvent,Y,buildSnapshotBlobEvent
snapshotEventsForFile,Y,extractSnapshotEventsForFile
snapshotKeyMatchesTarget,Y,doesSnapshotKeyMatchTarget
snapshotLine,Y,buildSnapshotJsonlLine
snapshotRecord,Y,buildSnapshotJsonlRecord
snapshotSource,Y,buildSnapshotReferenceSource
sortBySessionStart,N,sortBySessionStart
spliceArray,Y,applyArraySplice
splicedRunText,Y,applySpliceToRunText
splitContentLines,Y,splitContentIntoLineSpans
splitIntoConsecutiveLineRuns,N,splitIntoConsecutiveLineRuns
splitTwoArgs,N,splitTwoArgs
stageProjectFolder,N,stageProjectFolder
stageSingleCreateFixture,Y,prepareSingleCreateFixture
stampTouchTimestamps,Y,attachTouchTimestamps
stepRowHtml,Y,renderStepRow
stepSource,Y,deriveStepEditSource
stripCatLineNumbers,N,stripCatLineNumbers
stripFlags,N,stripFlags
stripPrefixFromLines,N,stripPrefixFromLines
structuredPatchForEdit,Y,getStructuredPatchForEdit
subagentJsonlsReferencing,Y,findReferencingSubagentJsonls
subtreeAllAttachments,Y,isSubtreeAllAttachments
summarizeBelief,N,summarizeBelief
summarizeByDimension,N,summarizeByDimension
summarizeContent,N,summarizeContent
summarizeList,N,summarizeList
summarizeYield,N,summarizeYield
summary,Y,printTestSummary
syncScroll,Y,synchronizeScroll
syntaxHighlight,Y,highlightJsonSyntax
tallyRecord,Y,accumulateRecordTally
tallyTranscript,Y,accumulateTranscriptTally
test,Y,registerTest
textBlockResult,Y,findFirstTextBlockInToolResult
timestampAt,N,timestampAt
toggleEditSelection,N,toggleEditSelection
toggleEngine,N,toggleEngine
toolResultText,Y,extractToolResultText
toolResultTextOfItem,Y,extractToolResultTextWithProperty
touchedLinesAt,Y,collectTouchedLinesAtTimestamp
touchedPathsForText,Y,collectTouchedPathsFromJsonlText
touchForResult,Y,buildTouchFromToolResult
touchKindForEdit,Y,classifyTouchKind
toVisNode,Y,convertToVisibleNode
traceLcs,Y,traceLongestCommonSubsequencePath
trackFixture,N,trackFixture
trackLineStates,N,trackLineStates
transcriptResolvesRepo,Y,checkTranscriptResolvesRepo
transcriptWithGit,Y,buildTranscriptWithGit
tryGitFallback,N,tryGitFallback
tryGitRoot,N,tryGitRoot
tryParse,N,tryParse
tryParseJson,N,tryParseJson
tryParseUnified,N,tryParseUnified
trySnapshotFallback,N,trySnapshotFallback
unionTouched,Y,collectUnionTouchedPaths
unproveEof,Y,clearEofConfirmation
unquotePath,Y,stripPathQuotes
updateCurrentState,N,updateCurrentState
updateDiffPanes,N,updateDiffPanes
updateExportButtons,N,updateExportButtons
updateFilterPos,N,updateFilterPos
updateInspector,N,updateInspector
updateNavButtons,N,updateNavButtons
updatePanes,N,updatePanes
updateRawInspector,N,updateRawInspector
updateRewindTracking,N,updateRewindTracking
updateStepInfo,N,updateStepInfo
updateStepInspector,N,updateStepInspector
userModifiedEventsFromEdits,Y,extractUserModifiedEventsFromEdits
validateArgs,N,validateArgs
validateCommit,N,validateCommit
verdictIsPerLinePerfect,Y,checkVerdictPerLinePerfect
verifyContent,N,verifyContent
verifyMissingFile,N,verifyMissingFile
verifyOnDiskFile,N,verifyOnDiskFile
verifyViaSnapshot,N,verifyViaSnapshot
visitNeighbors,N,visitNeighbors
walk,Y,walkDirectory
walkContentDbs,N,walkContentDbs
walkOneDb,N,walkOneDb
walkParentChain,N,walkParentChain
withoutEdit,Y,filterWithoutEdit
withTimestamp,Y,stampJsonlRecordTimestamp
withTs,Y,stampJsonlRecordTimestamp
writeBackupBlob,N,writeBackupBlob
writeCompleteAssemblies,N,writeCompleteAssemblies
writeCreateTranscript,N,writeCreateTranscript
writeEditWithHunks,N,writeEditWithHunks
writeEvent,N,writeEvent
writeJsonlFixture,N,writeJsonlFixture
writeJsonReport,N,writeJsonReport
writeOutputFile,N,writeOutputFile
writeResult,N,writeResult
writeSubagentReading,N,writeSubagentReading
writeTranscript,N,writeTranscript
writeWriteAndReadFixture,N,writeWriteAndReadFixture
